0.0000,0.1918
0.0100,0.1200
0.0200,0.0146
0.0300,0.0322
0.0400,0.0532
0.0500,0.0854
0.0600,0.0528
0.0700,-0.0281
0.0800,0.0404
0.0900,0.1501
0.1000,0.0847
0.1100,0.2384
0.1200,0.2812
0.1300,0.1598
0.1400,0.1872
0.1500,0.0609
0.1600,0.3306
0.1700,0.1133
0.1800,0.0154
0.1900,0.1369
0.2000,0.3318
0.2100,0.1546
0.2200,0.2403
0.2300,0.2717
0.2400,0.2805
0.2500,0.0581
0.2600,0.2493
0.2700,0.4113
0.2800,0.1040
0.2900,0.2834
0.3000,0.2052
0.3100,0.1335
0.3200,0.4517
0.3300,0.5134
0.3400,0.4743
0.3500,0.4342
0.3600,0.5141
0.3700,0.2250
0.3800,0.2137
0.3900,0.2997
0.4000,0.3512
0.4100,0.4685
0.4200,0.3419
0.4300,0.5183
0.4400,0.4842
0.4500,0.6257
0.4600,0.4188
0.4700,0.2910
0.4800,0.5429
0.4900,0.3399
0.5000,0.6684
0.5100,0.3853
0.5200,0.6888
0.5300,0.4908
0.5400,0.4985
0.5500,0.6197
0.5600,0.5885
0.5700,0.7319
0.5800,0.5645
0.5900,0.7322
0.6000,0.7304
0.6100,0.5527
0.6200,0.4983
0.6300,0.5067
0.6400,0.6965
0.6500,0.6810
0.6600,0.5859
0.6700,0.8058
0.6800,0.6313
0.6900,0.6619
0.7000,0.8398
0.7100,0.7607
0.7200,0.6406
0.7300,0.6441
0.7400,0.5386
0.7500,0.7192
0.7600,0.8494
0.7700,0.5903
0.7800,0.5284
0.7900,0.6017
0.8000,0.6190
0.8100,0.8896
0.8200,0.6139
0.8300,0.8631
0.8400,0.8234
0.8500,0.5655
0.8600,0.9203
0.8700,0.6106
0.8800,0.8537
0.8900,0.8734
0.9000,0.7486
0.9100,0.7693
0.9200,0.7216
0.9300,0.6286
0.9400,0.7124
0.9500,0.7218
0.9600,0.7159
0.9700,0.6437
0.9800,0.6945
0.9900,0.7523
1.0000,0.6581
1.0100,0.8838
1.0200,0.7324
1.0300,0.9008
1.0400,1.0243
1.0500,0.8044
1.0600,0.9138
1.0700,0.8829
1.0800,0.8496
1.0900,0.8951
1.1000,1.0832
1.1100,1.0926
1.1200,0.9627
1.1300,0.9435
1.1400,1.0637
1.1500,0.7387
1.1600,1.0282
1.1700,1.0393
1.1800,0.8902
1.1900,1.1027
1.2000,0.9758
1.2100,0.9427
1.2200,1.0592
1.2300,1.0426
1.2400,1.0369
1.2500,0.7940
1.2600,0.9423
1.2700,1.0669
1.2800,0.8952
1.2900,0.9744
1.3000,1.0470
1.3100,0.8621
1.3200,1.1312
1.3300,0.9529
1.3400,0.9475
1.3500,0.7989
1.3600,0.8525
1.3700,0.9465
1.3800,0.8271
1.3900,1.1479
1.4000,1.0763
1.4100,0.9388
1.4200,1.0046
1.4300,0.8358
1.4400,0.8071
1.4500,0.9829
1.4600,0.8500
1.4700,1.1825
1.4800,0.8356
1.4900,0.9000
1.5000,0.9981
1.5100,1.1058
1.5200,0.9305
1.5300,0.8075
1.5400,1.1287
1.5500,0.8006
1.5600,0.9395
1.5700,0.9128
1.5800,1.0690
1.5900,1.0299
1.6000,0.9822
1.6100,1.0822
1.6200,0.8144
1.6300,1.1412
1.6400,1.0377
1.6500,0.9797
1.6600,1.0927
1.6700,1.1489
1.6800,1.0654
1.6900,1.0878
1.7000,0.8640
1.7100,1.0892
1.7200,0.8155
1.7300,1.0969
1.7400,0.9160
1.7500,1.0420
1.7600,1.1546
1.7700,1.0258
1.7800,0.8624
1.7900,0.9700
1.8000,1.0913
1.8100,1.0737
1.8200,0.7921
1.8300,1.0766
1.8400,0.7768
1.8500,0.9325
1.8600,0.9794
1.8700,1.0869
1.8800,1.0502
1.8900,0.7520
1.9000,1.0972
1.9100,0.9225
1.9200,0.8637
1.9300,0.9813
1.9400,0.8543
1.9500,1.0790
1.9600,1.0501
1.9700,1.0618
1.9800,0.8685
1.9900,0.7347
2.0000,0.9589
2.0100,1.0242
2.0200,0.8365
2.0300,0.9241
2.0400,0.8315
2.0500,0.7221
2.0600,0.7872
2.0700,1.0728
2.0800,1.0004
2.0900,0.9430
2.1000,0.8108
2.1100,0.8277
2.1200,0.9959
2.1300,0.6501
2.1400,0.7535
2.1500,0.8340
2.1600,0.8231
2.1700,0.9455
2.1800,0.8276
2.1900,0.8537
2.2000,0.7810
2.2100,0.7049
2.2200,0.6409
2.2300,0.9884
2.2400,0.9100
2.2500,0.8777
2.2600,0.5727
2.2700,0.8769
2.2800,0.6448
2.2900,0.7540
2.3000,0.7853
2.3100,0.5830
2.3200,0.6780
2.3300,0.8122
2.3400,0.7769
2.3500,0.6069
2.3600,0.8693
2.3700,0.7371
2.3800,0.7650
2.3900,0.7350
2.4000,0.8310
2.4100,0.7498
2.4200,0.5934
2.4300,0.5496
2.4400,0.7646
2.4500,0.5532
2.4600,0.5159
2.4700,0.5283
2.4800,0.7333
2.4900,0.6536
2.5000,0.5356
2.5100,0.6104
2.5200,0.6209
2.5300,0.5397
2.5400,0.4936
2.5500,0.6522
2.5600,0.7336
2.5700,0.4787
2.5800,0.4044
2.5900,0.6545
2.6000,0.4757
2.6100,0.3978
2.6200,0.3350
2.6300,0.5203
2.6400,0.5583
2.6500,0.3872
2.6600,0.5540
2.6700,0.5935
2.6800,0.2707
2.6900,0.4431
2.7000,0.2314
2.7100,0.5636
2.7200,0.5321
2.7300,0.5285
2.7400,0.3951
2.7500,0.5675
2.7600,0.4975
2.7700,0.4885
2.7800,0.4314
2.7900,0.3128
2.8000,0.5030
2.8100,0.2625
2.8200,0.4787
2.8300,0.1885
2.8400,0.2047
2.8500,0.2397
2.8600,0.2004
2.8700,0.2545
2.8800,0.2878
2.8900,0.2551
2.9000,0.3833
2.9100,0.4285
2.9200,0.3267
2.9300,0.2491
2.9400,0.2309
2.9500,0.1463
2.9600,0.0444
2.9700,0.0696
2.9800,0.0898
2.9900,0.0980
3.0000,0.2457
3.0100,0.2756
3.0200,0.2053
3.0300,0.2724
3.0400,0.1883
3.0500,0.2593
3.0600,0.1391
3.0700,0.0799
3.0800,0.1358
3.0900,0.0153
3.1000,0.1824
3.1100,-0.0948
3.1200,0.0565
3.1300,0.1635
3.1400,-0.0602
3.1500,0.0649
3.1600,-0.1017
3.1700,0.0903
3.1800,-0.1807
3.1900,-0.2439
3.2000,-0.0909
3.2100,-0.1341
3.2200,0.0563
3.2300,0.0428
3.2400,-0.1612
3.2500,-0.0077
3.2600,-0.1190
3.2700,-0.1758
3.2800,-0.2825
3.2900,-0.2068
3.3000,-0.0624
3.3100,-0.0275
3.3200,-0.0381
3.3300,-0.0472
3.3400,-0.3503
3.3500,-0.2125
3.3600,-0.1283
3.3700,-0.1873
3.3800,-0.2708
3.3900,-0.1379
3.4000,-0.4187
3.4100,-0.1739
3.4200,-0.1254
3.4300,-0.2878
3.4400,-0.2234
3.4500,-0.3954
3.4600,-0.4085
3.4700,-0.3109
3.4800,-0.2823
3.4900,-0.3401
3.5000,-0.1604
3.5100,-0.2599
3.5200,-0.2270
3.5300,-0.4077
3.5400,-0.4000
3.5500,-0.3090
3.5600,-0.3292
3.5700,-0.3454
3.5800,-0.3181
3.5900,-0.5743
3.6000,-0.5296
3.6100,-0.5261
3.6200,-0.3957
3.6300,-0.3960
3.6400,-0.6448
3.6500,-0.5360
3.6600,-0.3392
3.6700,-0.5370
3.6800,-0.3837
3.6900,-0.6060
3.7000,-0.6096
3.7100,-0.5381
3.7200,-0.5702
3.7300,-0.7326
3.7400,-0.5248
3.7500,-0.4145
3.7600,-0.6170
3.7700,-0.5513
3.7800,-0.4834
3.7900,-0.8036
3.8000,-0.6172
3.8100,-0.7593
3.8200,-0.7973
3.8300,-0.4670
3.8400,-0.4877
3.8500,-0.6684
3.8600,-0.6378
3.8700,-0.8505
3.8800,-0.5157
3.8900,-0.5024
3.9000,-0.5851
3.9100,-0.6728
3.9200,-0.8346
3.9300,-0.8711
3.9400,-0.6307
3.9500,-0.5589
3.9600,-0.8253
3.9700,-0.7751
3.9800,-0.8268
3.9900,-0.6788
4.0000,-0.6846
4.0100,-0.6046
4.0200,-0.7442
4.0300,-0.8539
4.0400,-0.6243
4.0500,-0.7271
4.0600,-0.8502
4.0700,-0.6831
4.0800,-0.8451
4.0900,-0.8296
4.1000,-0.9292
4.1100,-0.9373
4.1200,-0.8552
4.1300,-0.6821
4.1400,-0.9973
4.1500,-0.7821
4.1600,-0.9587
4.1700,-1.0207
4.1800,-0.9545
4.1900,-0.8492
4.2000,-0.7713
4.2100,-0.8615
4.2200,-0.8120
4.2300,-0.9313
4.2400,-1.0358
4.2500,-0.7772
4.2600,-0.9299
4.2700,-0.9487
4.2800,-0.9467
4.2900,-0.9610
4.3000,-0.9957
4.3100,-0.9412
4.3200,-0.8158
4.3300,-0.7883
4.3400,-0.8627
4.3500,-0.9451
4.3600,-1.0190
4.3700,-0.9993
4.3800,-0.8615
4.3900,-1.0434
4.4000,-1.1131
4.4100,-0.9304
4.4200,-0.9214
4.4300,-0.8706
4.4400,-1.0805
4.4500,-0.8415
4.4600,-0.8720
4.4700,-1.0052
4.4800,-1.1336
4.4900,-0.9277
4.5000,-1.1115
4.5100,-0.8483
4.5200,-0.9014
4.5300,-0.8079
4.5400,-0.8725
4.5500,-0.8117
4.5600,-1.1197
4.5700,-0.8831
4.5800,-0.7982
4.5900,-0.8415
4.6000,-0.7996
4.6100,-0.8555
4.6200,-0.9667
4.6300,-0.8489
4.6400,-1.0608
4.6500,-1.0569
4.6600,-0.8414
4.6700,-1.0592
4.6800,-0.8493
4.6900,-0.9698
4.7000,-0.9911
4.7100,-0.9600
4.7200,-0.9874
4.7300,-1.1866
4.7400,-1.0016
4.7500,-0.9698
4.7600,-1.0184
4.7700,-0.8583
4.7800,-1.0262
4.7900,-0.8930
4.8000,-0.9624
4.8100,-1.0975
4.8200,-1.0222
4.8300,-0.8752
4.8400,-1.1421
4.8500,-1.1708
4.8600,-1.0833
4.8700,-0.7992
4.8800,-0.9522
4.8900,-1.0762
4.9000,-0.9738
4.9100,-0.9662
4.9200,-1.0133
4.9300,-1.0276
4.9400,-1.0693
4.9500,-0.8335
4.9600,-1.0752
4.9700,-1.0606
4.9800,-1.0002
4.9900,-1.0932
5.0000,-0.9216
5.0100,-0.9247
5.0200,-0.9914
5.0300,-0.8588
5.0400,-0.7991
5.0500,-0.7555
5.0600,-1.0971
5.0700,-0.8180
5.0800,-0.9309
5.0900,-1.0021
5.1000,-1.0059
5.1100,-1.0531
5.1200,-0.8881
5.1300,-0.7760
5.1400,-0.8780
5.1500,-0.7649
5.1600,-0.8398
5.1700,-1.0457
5.1800,-1.0419
5.1900,-0.9916
5.2000,-0.9505
5.2100,-0.6837
5.2200,-1.0341
5.2300,-0.8237
5.2400,-0.7614
5.2500,-0.9774
5.2600,-0.7249
5.2700,-0.9584
5.2800,-0.7774
5.2900,-0.7986
5.3000,-0.9769
5.3100,-0.6999
5.3200,-0.9475
5.3300,-0.7912
5.3400,-0.8766
5.3500,-0.7242
5.3600,-0.6823
5.3700,-0.9565
5.3800,-0.8272
5.3900,-0.8953
5.4000,-0.9215
5.4100,-0.8686
5.4200,-0.6338
5.4300,-0.7352
5.4400,-0.6406
5.4500,-0.6903
5.4600,-0.8027
5.4700,-0.6837
5.4800,-0.7178
5.4900,-0.8491
5.5000,-0.5797
5.5100,-0.4996
5.5200,-0.7281
5.5300,-0.5772
5.5400,-0.5063
5.5500,-0.6358
5.5600,-0.8242
5.5700,-0.4852
5.5800,-0.6719
5.5900,-0.7258
5.6000,-0.5120
5.6100,-0.4741
5.6200,-0.6811
5.6300,-0.5726
5.6400,-0.7764
5.6500,-0.5865
5.6600,-0.3921
5.6700,-0.7625
5.6800,-0.4167
5.6900,-0.6348
5.7000,-0.7465
5.7100,-0.3590
5.7200,-0.4428
5.7300,-0.6192
5.7400,-0.4112
5.7500,-0.4735
5.7600,-0.6860
5.7700,-0.4658
5.7800,-0.5149
5.7900,-0.3131
5.8000,-0.4519
5.8100,-0.2659
5.8200,-0.3969
5.8300,-0.3276
5.8400,-0.3175
5.8500,-0.2294
5.8600,-0.2173
5.8700,-0.5322
5.8800,-0.5378
5.8900,-0.5676
5.9000,-0.3858
5.9100,-0.3837
5.9200,-0.2139
5.9300,-0.4824
5.9400,-0.4433
5.9500,-0.3248
5.9600,-0.1539
5.9700,-0.4874
5.9800,-0.2803
5.9900,-0.4321
6.0000,-0.4754
6.0100,-0.4021
6.0200,-0.1041
6.0300,-0.3765
6.0400,-0.0847
6.0500,-0.2344
6.0600,-0.1982
6.0700,-0.4013
6.0800,-0.2457
6.0900,-0.2783
6.1000,-0.3171
6.1100,-0.3561
6.1200,-0.0156
6.1300,-0.0998
6.1400,0.0281
6.1500,-0.0506
6.1600,0.0698
6.1700,-0.1036
6.1800,0.0356
6.1900,-0.1907
6.2000,-0.2335
6.2100,0.0018
6.2200,0.1319
6.2300,-0.1155
6.2400,0.0438
6.2500,-0.0752
6.2600,-0.0608
6.2700,0.0158
6.2800,0.1291
6.2900,0.1744
6.3000,0.1130
6.3100,-0.0977
6.3200,-0.0557
6.3300,0.1661
6.3400,0.0533
6.3500,-0.0694
6.3600,0.1342
6.3700,0.2630
6.3800,0.2655
6.3900,0.3015
6.4000,-0.0778
6.4100,0.2217
6.4200,0.2302
6.4300,0.3160
6.4400,0.2207
6.4500,0.1454
6.4600,0.1450
6.4700,0.2699
6.4800,0.0065
6.4900,0.1021
6.5000,0.2275
6.5100,0.2541
6.5200,0.0930
6.5300,0.1880
6.5400,0.1386
6.5500,0.1363
6.5600,0.1472
6.5700,0.1557
6.5800,0.1535
6.5900,0.3264
6.6000,0.2632
6.6100,0.5171
6.6200,0.4449
6.6300,0.2701
6.6400,0.2700
6.6500,0.2464
6.6600,0.5371
6.6700,0.3118
6.6800,0.1998
6.6900,0.3622
6.7000,0.3732
6.7100,0.4847
6.7200,0.5909
6.7300,0.4388
6.7400,0.5405
6.7500,0.4024
6.7600,0.3160
6.7700,0.5896
6.7800,0.5925
6.7900,0.6433
6.8000,0.6198
6.8100,0.3631
6.8200,0.6976
6.8300,0.7161
6.8400,0.6777
6.8500,0.4331
6.8600,0.5995
6.8700,0.3770
6.8800,0.6668
6.8900,0.7219
6.9000,0.4852
6.9100,0.7116
6.9200,0.7294
6.9300,0.7904
6.9400,0.8093
6.9500,0.4260
6.9600,0.5440
6.9700,0.6114
6.9800,0.5351
6.9900,0.6807
7.0000,0.6205
7.0100,0.7007
7.0200,0.7111
7.0300,0.7205
7.0400,0.5929
7.0500,0.6645
7.0600,0.8872
7.0700,0.6557
7.0800,0.6984
7.0900,0.5325
7.1000,0.9116
7.1100,0.7108
7.1200,0.6418
7.1300,0.7401
7.1400,0.7529
7.1500,0.9334
7.1600,0.8207
7.1700,0.8191
7.1800,0.6094
7.1900,0.7326
7.2000,0.9756
7.2100,0.7006
7.2200,0.8236
7.2300,0.8179
7.2400,0.7211
7.2500,0.7976
7.2600,0.7611
7.2700,0.9117
7.2800,0.6516
7.2900,0.6887
7.3000,1.0308
7.3100,0.8444
7.3200,0.6722
7.3300,0.9537
7.3400,0.8701
7.3500,0.6855
7.3600,0.6898
7.3700,0.9429
7.3800,0.8143
7.3900,0.8033
7.4000,0.7056
7.4100,0.7684
7.4200,0.7861
7.4300,1.0074
7.4400,0.8322
7.4500,0.9318
7.4600,0.8574
7.4700,0.8126
7.4800,0.7445
7.4900,0.9789
7.5000,0.7412
7.5100,0.8086
7.5200,1.0299
7.5300,0.9944
7.5400,0.9720
7.5500,0.8966
7.5600,0.8712
7.5700,0.9846
7.5800,0.8717
7.5900,1.0548
7.6000,0.9451
7.6100,1.0642
7.6200,0.9394
7.6300,0.9284
7.6400,1.0918
7.6500,0.9943
7.6600,0.8440
7.6700,0.9497
7.6800,0.8813
7.6900,1.0778
7.7000,0.7891
7.7100,0.8311
7.7200,0.9795
7.7300,0.9191
7.7400,0.9892
7.7500,0.8794
7.7600,1.0229
7.7700,1.0665
7.7800,0.9530
7.7900,1.0264
7.8000,1.0325
7.8100,1.1574
7.8200,0.8590
7.8300,0.9312
7.8400,0.9172
7.8500,1.0410
7.8600,1.0077
7.8700,1.0711
7.8800,1.0932
7.8900,1.0822
7.9000,1.0388
7.9100,0.8322
7.9200,0.9559
7.9300,1.0558
7.9400,1.0499
7.9500,1.1931
7.9600,1.1318
7.9700,1.0123
7.9800,1.1094
7.9900,0.9416
8.0000,0.8676
8.0100,1.0515
8.0200,1.1366
8.0300,1.1240
8.0400,0.8996
8.0500,0.9986
8.0600,1.0458
8.0700,0.8549
8.0800,1.0808
8.0900,1.0762
8.1000,0.7813
8.1100,0.9249
8.1200,0.8066
8.1300,1.0677
8.1400,1.0935
8.1500,0.9695
8.1600,1.0223
8.1700,0.8820
8.1800,0.9968
8.1900,0.8492
8.2000,0.9995
8.2100,0.8340
8.2200,0.7658
8.2300,0.9684
8.2400,0.8439
8.2500,1.0815
8.2600,0.8635
8.2700,1.1003
8.2800,0.9815
8.2900,0.9816
8.3000,0.8171
8.3100,0.7471
8.3200,0.9323
8.3300,0.7845
8.3400,1.0168
8.3500,0.9313
8.3600,0.8946
8.3700,0.6918
8.3800,1.0025
8.3900,0.8068
8.4000,1.0512
8.4100,0.8325
8.4200,0.8822
8.4300,0.9137
8.4400,0.9083
8.4500,0.9740
8.4600,0.7387
8.4700,0.6449
8.4800,0.7815
8.4900,0.9159
8.5000,0.8323
8.5100,0.9661
8.5200,0.7846
8.5300,0.7348
8.5400,0.9303
8.5500,0.9096
8.5600,0.8254
8.5700,0.5930
8.5800,0.5506
8.5900,0.7911
8.6000,0.6505
8.6100,0.7397
8.6200,0.7902
8.6300,0.6546
8.6400,0.8537
8.6500,0.7263
8.6600,0.8619
8.6700,0.6592
8.6800,0.6518
8.6900,0.8659
8.7000,0.6426
8.7100,0.7967
8.7200,0.6683
8.7300,0.4455
8.7400,0.4415
8.7500,0.5244
8.7600,0.6696
8.7700,0.4987
8.7800,0.5011
8.7900,0.7390
8.8000,0.4021
8.8100,0.7300
8.8200,0.3957
8.8300,0.3785
8.8400,0.5139
8.8500,0.4681
8.8600,0.3652
8.8700,0.4050
8.8800,0.4257
8.8900,0.3986
8.9000,0.6007
8.9100,0.6349
8.9200,0.3370
8.9300,0.4953
8.9400,0.2885
8.9500,0.2608
8.9600,0.2699
8.9700,0.4553
8.9800,0.2664
8.9900,0.5033
9.0000,0.3519
9.0100,0.4823
9.0200,0.3673
9.0300,0.3088
9.0400,0.3636
9.0500,0.5395
9.0600,0.4380
9.0700,0.2098
9.0800,0.3784
9.0900,0.2928
9.1000,0.4178
9.1100,0.3043
9.1200,0.1439
9.1300,0.4303
9.1400,0.4194
9.1500,0.3781
9.1600,0.1211
9.1700,0.2845
9.1800,0.3364
9.1900,0.2896
9.2000,0.0976
9.2100,0.1201
9.2200,0.1951
9.2300,0.0169
9.2400,0.3777
9.2500,0.0224
9.2600,-0.0117
9.2700,0.3420
9.2800,0.1371
9.2900,0.2821
9.3000,0.2331
9.3100,0.0727
9.3200,0.2486
9.3300,0.0844
9.3400,0.0880
9.3500,0.0310
9.3600,0.0631
9.3700,0.1285
9.3800,0.2014
9.3900,0.1329
9.4000,0.0136
9.4100,-0.0359
9.4200,-0.1338
9.4300,-0.1064
9.4400,0.0567
9.4500,-0.1247
9.4600,-0.0441
9.4700,-0.0901
9.4800,0.0058
9.4900,-0.2139
9.5000,0.0025
9.5100,-0.1145
9.5200,0.0674
9.5300,-0.2625
9.5400,0.0508
9.5500,-0.1693
9.5600,-0.0029
9.5700,-0.0016
9.5800,-0.2949
9.5900,-0.1928
9.6000,-0.0815
9.6100,-0.2245
9.6200,-0.2982
9.6300,-0.1118
9.6400,-0.1263
9.6500,-0.3572
9.6600,-0.0646
9.6700,-0.3653
9.6800,-0.3527
9.6900,-0.2716
9.7000,-0.1154
9.7100,-0.4077
9.7200,-0.2579
9.7300,-0.2923
9.7400,-0.4374
9.7500,-0.3797
9.7600,-0.2548
9.7700,-0.5161
9.7800,-0.3199
9.7900,-0.3661
9.8000,-0.4599
9.8100,-0.3023
9.8200,-0.3466
9.8300,-0.3625
9.8400,-0.2913
9.8500,-0.3368
9.8600,-0.3505
9.8700,-0.4894
9.8800,-0.3020
9.8900,-0.3348
9.9000,-0.5533
9.9100,-0.6231
9.9200,-0.6469
9.9300,-0.5443
9.9400,-0.4974
9.9500,-0.5774
9.9600,-0.6714
9.9700,-0.6180
9.9800,-0.5918
9.9900,-0.4701
10.0000,-0.7097
10.0100,-0.4244
10.0200,-0.6392
10.0300,-0.7553
10.0400,-0.5382
10.0500,-0.6688
10.0600,-0.5551
10.0700,-0.7422
10.0800,-0.4112
10.0900,-0.4330
10.1000,-0.5643
10.1100,-0.8215
10.1200,-0.6425
10.1300,-0.4916
10.1400,-0.7728
10.1500,-0.7069
10.1600,-0.8511
10.1700,-0.6689
10.1800,-0.6152
10.1900,-0.8321
10.2000,-0.6267
10.2100,-0.7342
10.2200,-0.5827
10.2300,-0.5348
10.2400,-0.8300
10.2500,-0.8730
10.2600,-0.8154
10.2700,-0.7993
10.2800,-0.5806
10.2900,-0.7368
10.3000,-0.8567
10.3100,-0.8871
10.3200,-0.7539
10.3300,-0.6337
10.3400,-0.8637
10.3500,-0.9816
10.3600,-0.7908
10.3700,-0.9164
10.3800,-0.8951
10.3900,-0.9037
10.4000,-0.7342
10.4100,-0.9111
10.4200,-0.8473
10.4300,-0.9704
10.4400,-0.6884
10.4500,-1.0316
10.4600,-0.7466
10.4700,-0.6969
10.4800,-0.9097
10.4900,-0.7674
10.5000,-0.8680
10.5100,-0.7255
10.5200,-0.8024
10.5300,-1.0920
10.5400,-0.8430
10.5500,-0.8853
10.5600,-0.8626
10.5700,-0.8224
10.5800,-1.0446
10.5900,-0.8779
10.6000,-0.7428
10.6100,-0.9985
10.6200,-0.9438
10.6300,-0.8068
10.6400,-0.7885
10.6500,-0.7710
10.6600,-0.9319
10.6700,-0.8649
10.6800,-0.9476
10.6900,-0.8517
10.7000,-0.8975
10.7100,-0.9568
10.7200,-0.7937
10.7300,-0.9594
10.7400,-1.1413
10.7500,-1.0191
10.7600,-1.0640
10.7700,-1.0327
10.7800,-0.8078
10.7900,-1.0244
10.8000,-1.1192
10.8100,-1.0350
10.8200,-0.8224
10.8300,-1.0322
10.8400,-0.8646
10.8500,-0.8489
10.8600,-0.8202
10.8700,-0.9618
10.8800,-1.0254
10.8900,-0.9626
10.9000,-1.1329
10.9100,-0.8903
10.9200,-1.0326
10.9300,-1.0080
10.9400,-0.9010
10.9500,-0.9496
10.9600,-1.0557
10.9700,-0.8767
10.9800,-1.1191
10.9900,-1.1926
11.0000,-1.1867
11.0100,-1.0574
11.0200,-0.9308
11.0300,-1.0678
11.0400,-0.8422
11.0500,-1.0646
11.0600,-0.8713
11.0700,-1.1207
11.0800,-1.1523
11.0900,-0.8278
11.1000,-1.1799
11.1100,-0.8611
11.1200,-0.8867
11.1300,-1.0859
11.1400,-0.9264
11.1500,-0.9896
11.1600,-0.8823
11.1700,-1.1205
11.1800,-0.8364
11.1900,-1.0270
11.2000,-0.8430
11.2100,-0.9876
11.2200,-0.8227
11.2300,-1.0481
11.2400,-1.0504
11.2500,-1.1061
11.2600,-1.1507
11.2700,-1.0957
11.2800,-0.7747
11.2900,-1.0776
11.3000,-1.0420
11.3100,-1.1210
11.3200,-0.8964
11.3300,-1.0843
11.3400,-0.8220
11.3500,-0.8774
11.3600,-0.9205
11.3700,-0.8750
11.3800,-0.8630
11.3900,-1.0310
11.4000,-0.8618
11.4100,-0.9704
11.4200,-0.8352
11.4300,-1.0591
11.4400,-0.9200
11.4500,-0.8752
11.4600,-1.0334
11.4700,-1.0071
11.4800,-1.0847
11.4900,-0.7483
11.5000,-0.8658
11.5100,-1.0454
11.5200,-0.7284
11.5300,-0.8524
11.5400,-0.8546
11.5500,-0.7441
11.5600,-0.8198
11.5700,-0.9480
11.5800,-0.8144
11.5900,-0.9574
11.6000,-0.8021
11.6100,-0.9854
11.6200,-0.6551
11.6300,-0.6169
11.6400,-0.6624
11.6500,-0.6309
11.6600,-0.7938
11.6700,-0.7951
11.6800,-0.6590
11.6900,-0.8102
11.7000,-0.6531
11.7100,-0.6277
11.7200,-0.7652
11.7300,-0.8322
11.7400,-0.7802
11.7500,-0.6484
11.7600,-0.8177
11.7700,-0.7418
11.7800,-0.5146
11.7900,-0.7988
11.8000,-0.4968
11.8100,-0.6719
11.8200,-0.7088
11.8300,-0.8179
11.8400,-0.5922
11.8500,-0.4971
11.8600,-0.8429
11.8700,-0.4553
11.8800,-0.4693
11.8900,-0.6304
11.9000,-0.5155
11.9100,-0.5052
11.9200,-0.6151
11.9300,-0.7113
11.9400,-0.5481
11.9500,-0.4240
11.9600,-0.6510
11.9700,-0.6413
11.9800,-0.3621
11.9900,-0.4769
12.0000,-0.6276
12.0100,-0.4813
12.0200,-0.6276
12.0300,-0.6144
12.0400,-0.4442
12.0500,-0.5184
12.0600,-0.6044
12.0700,-0.5564
12.0800,-0.4707
12.0900,-0.5593
12.1000,-0.4575
12.1100,-0.3009
12.1200,-0.3426
12.1300,-0.4449
12.1400,-0.3512
12.1500,-0.4914
12.1600,-0.3611
12.1700,-0.2495
12.1800,-0.3984
12.1900,-0.3232
12.2000,-0.3514
12.2100,-0.2874
12.2200,-0.2872
12.2300,-0.3102
12.2400,-0.1453
12.2500,-0.2098
12.2600,-0.3902
12.2700,-0.2501
12.2800,-0.3628
12.2900,-0.2158
12.3000,-0.1812
12.3100,-0.3099
12.3200,-0.1023
12.3300,-0.3933
12.3400,-0.1366
12.3500,-0.3224
12.3600,-0.1341
12.3700,-0.1476
12.3800,-0.0951
12.3900,-0.0002
12.4000,-0.1376
12.4100,-0.1624
12.4200,-0.3414
12.4300,0.0554
12.4400,-0.0464
12.4500,-0.1280
12.4600,-0.0638
12.4700,-0.2315
12.4800,-0.0609
12.4900,-0.2297
12.5000,-0.0196
12.5100,-0.0786
12.5200,-0.1234
12.5300,-0.0135
12.5400,0.1620
12.5500,0.0656
12.5600,-0.0919
12.5700,-0.1866
12.5800,-0.1097
12.5900,0.0860
12.6000,-0.0993
12.6100,0.0581
12.6200,0.1858
12.6300,0.0395
12.6400,0.1806
12.6500,-0.0142
12.6600,0.0033
12.6700,0.2670
12.6800,0.2327
12.6900,0.2041
12.7000,0.2815
12.7100,0.1171
12.7200,-0.0454
12.7300,0.1416
12.7400,0.0861
12.7500,0.1019
12.7600,0.1735
12.7700,0.1844
12.7800,0.2240
12.7900,0.3331
12.8000,0.3586
12.8100,0.4198
12.8200,0.2598
12.8300,0.4509
12.8400,0.3341
12.8500,0.4126
12.8600,0.4696
12.8700,0.4352
12.8800,0.1790
12.8900,0.5021
12.9000,0.4664
12.9100,0.4665
12.9200,0.3271
12.9300,0.1733
12.9400,0.4439
12.9500,0.5015
12.9600,0.5688
12.9700,0.4921
12.9800,0.4458
12.9900,0.2740
13.0000,0.5108
13.0100,0.5722
13.0200,0.3525
13.0300,0.4282
13.0400,0.4704
13.0500,0.4280
13.0600,0.4009
13.0700,0.4149
13.0800,0.3389
13.0900,0.6323
13.1000,0.4053
13.1100,0.4111
13.1200,0.5815
13.1300,0.7053
13.1400,0.3858
13.1500,0.6684
13.1600,0.6109
13.1700,0.6462
13.1800,0.5699
13.1900,0.5363
13.2000,0.6685
13.2100,0.7512
13.2200,0.7191
13.2300,0.4675
13.2400,0.6195
13.2500,0.5128
13.2600,0.7674
13.2700,0.6691
13.2800,0.5511
13.2900,0.5770
13.3000,0.6197
13.3100,0.5003
13.3200,0.6310
13.3300,0.8569
13.3400,0.6720
13.3500,0.8635
13.3600,0.8010
13.3700,0.7391
13.3800,0.7154
13.3900,0.7695
13.4000,0.7668
13.4100,0.5490
13.4200,0.6308
13.4300,0.5832
13.4400,0.7893
13.4500,0.6656
13.4600,0.6670
13.4700,0.7252
13.4800,0.7955
13.4900,0.7421
13.5000,0.6198
13.5100,0.6630
13.5200,0.8812
13.5300,0.8667
13.5400,0.7440
13.5500,0.8213
13.5600,0.7764
13.5700,0.9397
13.5800,1.0330
13.5900,1.0457
13.6000,1.0478
13.6100,0.8276
13.6200,0.6938
13.6300,0.7767
13.6400,0.9398
13.6500,0.7848
13.6600,0.7246
13.6700,0.7865
13.6800,0.9954
13.6900,0.8633
13.7000,0.8320
13.7100,0.9075
13.7200,1.0777
13.7300,0.7190
13.7400,1.0634
13.7500,0.7718
13.7600,0.8557
13.7700,0.7955
13.7800,0.9509
13.7900,0.9875
13.8000,1.0603
13.8100,1.0870
13.8200,0.8831
13.8300,1.0418
13.8400,1.0151
13.8500,0.7912
13.8600,0.9042
13.8700,1.0769
13.8800,0.7807
13.8900,0.9497
13.9000,0.9671
13.9100,0.8399
13.9200,1.0836
13.9300,1.0517
13.9400,0.9019
13.9500,0.9555
13.9600,0.9742
13.9700,0.8030
13.9800,0.8173
13.9900,1.0056
14.0000,1.0209
14.0100,1.1734
14.0200,1.1135
14.0300,0.9062
14.0400,0.9810
14.0500,0.8239
14.0600,1.0425
14.0700,0.8479
14.0800,1.1400
14.0900,0.8374
14.1000,1.1679
14.1100,1.0092
14.1200,1.1473
14.1300,0.9953
14.1400,0.8969
14.1500,1.1237
14.1600,1.1791
14.1700,1.0601
14.1800,0.8845
14.1900,0.9378
14.2000,0.9421
14.2100,0.8986
14.2200,0.9664
14.2300,0.9995
14.2400,1.1057
14.2500,1.0631
14.2600,1.0425
14.2700,0.8061
14.2800,0.9665
14.2900,0.8417
14.3000,0.9068
14.3100,0.8810
14.3200,0.9632
14.3300,0.9611
14.3400,1.0160
14.3500,0.9030
14.3600,1.1453
14.3700,0.9470
14.3800,0.8310
14.3900,0.7729
14.4000,1.1550
14.4100,1.1019
14.4200,1.0493
14.4300,0.9715
14.4400,0.7918
14.4500,1.0818
14.4600,0.8911
14.4700,0.9665
14.4800,0.9902
14.4900,0.7621
14.5000,0.7545
14.5100,1.1224
14.5200,0.8286
14.5300,0.8106
14.5400,1.0340
14.5500,0.7429
14.5600,0.9736
14.5700,0.9291
14.5800,0.9280
14.5900,0.7226
14.6000,0.9628
14.6100,0.8653
14.6200,0.7020
14.6300,0.7818
14.6400,1.0223
14.6500,0.8755
14.6600,0.9705
14.6700,0.7000
14.6800,0.7882
14.6900,0.7362
14.7000,1.0141
14.7100,1.0010
14.7200,0.9688
14.7300,0.6308
14.7400,0.7218
14.7500,0.7104
14.7600,0.7722
14.7700,0.7019
14.7800,0.6888
14.7900,0.7435
14.8000,0.9460
14.8100,0.6532
14.8200,0.7363
14.8300,0.8742
14.8400,0.6792
14.8500,0.6252
14.8600,0.9099
14.8700,0.7892
14.8800,0.6467
14.8900,0.8800
14.9000,0.6731
14.9100,0.6774
14.9200,0.6543
14.9300,0.7366
14.9400,0.4998
14.9500,0.6670
14.9600,0.6493
14.9700,0.6520
14.9800,0.6969
14.9900,0.7182
15.0000,0.6148
15.0100,0.4651
15.0200,0.6308
15.0300,0.5730
15.0400,0.5581
15.0500,0.4539
15.0600,0.7097
15.0700,0.7065
15.0800,0.6275
15.0900,0.4676
15.1000,0.4246
15.1100,0.5678
15.1200,0.5175
15.1300,0.4049
15.1400,0.5455
15.1500,0.5980
15.1600,0.7134
15.1700,0.3522
15.1800,0.3510
15.1900,0.5974
15.2000,0.5217
15.2100,0.5343
15.2200,0.4205
15.2300,0.3971
15.2400,0.4024
15.2500,0.4965
15.2600,0.4191
15.2700,0.5888
15.2800,0.4037
15.2900,0.4798
15.3000,0.4826
15.3100,0.5866
15.3200,0.3179
15.3300,0.2915
15.3400,0.2832
15.3500,0.2908
15.3600,0.2140
15.3700,0.2068
15.3800,0.1424
15.3900,0.4226
15.4000,0.3437
15.4100,0.4168
15.4200,0.1214
15.4300,0.1173
15.4400,0.1223
15.4500,0.3528
15.4600,0.4032
15.4700,0.2714
15.4800,0.2532
15.4900,0.2558
15.5000,0.2933
15.5100,0.0201
15.5200,0.2991
15.5300,0.3635
15.5400,0.2599
15.5500,0.2733
15.5600,0.0256
15.5700,0.0967
15.5800,0.1965
15.5900,0.1930
15.6000,-0.0277
15.6100,0.2906
15.6200,-0.0812
15.6300,0.2656
15.6400,0.0729
15.6500,-0.1101
15.6600,-0.0992
15.6700,0.1808
15.6800,0.0285
15.6900,0.0394
15.7000,0.0381
15.7100,0.0834
15.7200,-0.1607
15.7300,-0.0639
15.7400,-0.0809
15.7500,0.0354
15.7600,0.0724
15.7700,-0.0920
15.7800,0.1177
15.7900,-0.2035
15.8000,-0.0693
15.8100,0.0050
15.8200,0.0132
15.8300,-0.0322
15.8400,-0.2605
15.8500,-0.1118
15.8600,-0.1392
15.8700,-0.3105
15.8800,-0.2827
15.8900,-0.0567
15.9000,-0.2221
15.9100,-0.1841
15.9200,-0.3309
15.9300,-0.1139
15.9400,-0.0486
15.9500,-0.3044
15.9600,-0.1239
15.9700,-0.3260
15.9800,-0.3210
15.9900,-0.3655
16.0000,-0.1214
16.0100,-0.2240
16.0200,-0.2282
16.0300,-0.3942
16.0400,-0.3603
16.0500,-0.4706
16.0600,-0.4797
16.0700,-0.1943
16.0800,-0.2814
16.0900,-0.3185
16.1000,-0.4205
16.1100,-0.5634
16.1200,-0.3886
16.1300,-0.3116
16.1400,-0.3599
16.1500,-0.3426
16.1600,-0.5826
16.1700,-0.5262
16.1800,-0.4203
16.1900,-0.6166
16.2000,-0.5469
16.2100,-0.4939
16.2200,-0.5447
16.2300,-0.5624
16.2400,-0.5463
16.2500,-0.5862
16.2600,-0.3893
16.2700,-0.5088
16.2800,-0.3500
16.2900,-0.6643
16.3000,-0.3828
16.3100,-0.6813
16.3200,-0.5611
16.3300,-0.4163
16.3400,-0.4537
16.3500,-0.5224
16.3600,-0.7154
16.3700,-0.8028
16.3800,-0.5076
16.3900,-0.4682
16.4000,-0.7838
16.4100,-0.7918
16.4200,-0.7982
16.4300,-0.6392
16.4400,-0.6943
16.4500,-0.6100
16.4600,-0.6884
16.4700,-0.5188
16.4800,-0.7489
16.4900,-0.6926
16.5000,-0.6042
16.5100,-0.6145
16.5200,-0.6349
16.5300,-0.9047
16.5400,-0.5853
16.5500,-0.8642
16.5600,-0.5807
16.5700,-0.8454
16.5800,-0.8942
16.5900,-0.6674
16.6000,-0.6258
16.6100,-0.9087
16.6200,-0.9597
16.6300,-0.8721
16.6400,-0.7640
16.6500,-0.9917
16.6600,-0.9270
16.6700,-0.9134
16.6800,-0.7969
16.6900,-0.8594
16.7000,-0.8616
16.7100,-0.6890
16.7200,-0.8172
16.7300,-0.9369
16.7400,-0.6823
16.7500,-0.8377
16.7600,-0.8051
16.7700,-0.8103
16.7800,-0.6879
16.7900,-0.9111
16.8000,-0.9860
16.8100,-0.8507
16.8200,-1.0666
16.8300,-0.8976
16.8400,-1.0258
16.8500,-0.8869
16.8600,-0.8166
16.8700,-0.7941
16.8800,-0.8142
16.8900,-0.8495
16.9000,-1.0605
16.9100,-0.7607
16.9200,-0.7477
16.9300,-0.8194
16.9400,-0.8311
16.9500,-0.8129
16.9600,-1.0566
16.9700,-0.9809
16.9800,-0.9186
16.9900,-0.9861
17.0000,-0.7772
17.0100,-1.0763
17.0200,-1.0209
17.0300,-1.0345
17.0400,-1.1554
17.0500,-0.8712
17.0600,-1.1238
17.0700,-0.8579
17.0800,-1.1334
17.0900,-0.8320
17.1000,-1.0211
17.1100,-1.0965
17.1200,-0.7884
17.1300,-0.8461
17.1400,-0.8890
17.1500,-0.9496
17.1600,-0.8986
17.1700,-0.8629
17.1800,-1.0338
17.1900,-1.1869
17.2000,-0.8135
17.2100,-0.8591
17.2200,-0.9067
17.2300,-0.9176
17.2400,-0.9649
17.2500,-1.1584
17.2600,-0.9637
17.2700,-1.0209
17.2800,-0.9890
17.2900,-1.0121
17.3000,-1.1581
17.3100,-1.0802
17.3200,-1.1131
17.3300,-0.9435
17.3400,-1.1064
17.3500,-1.0067
17.3600,-1.0871
17.3700,-1.0659
17.3800,-1.0685
17.3900,-0.8255
17.4000,-0.9650
17.4100,-0.9906
17.4200,-1.1334
17.4300,-1.1516
17.4400,-1.1224
17.4500,-0.7949
17.4600,-1.1032
17.4700,-0.9346
17.4800,-0.9953
17.4900,-0.8446
17.5000,-1.0198
17.5100,-1.1527
17.5200,-1.1215
17.5300,-0.9192
17.5400,-0.7882
17.5500,-0.8112
17.5600,-0.8130
17.5700,-0.9671
17.5800,-0.8816
17.5900,-0.8006
17.6000,-0.8516
17.6100,-0.8002
17.6200,-0.9730
17.6300,-1.0508
17.6400,-0.9886
17.6500,-0.8564
17.6600,-1.0796
17.6700,-0.8836
17.6800,-0.7797
17.6900,-1.1164
17.7000,-0.9554
17.7100,-1.0541
17.7200,-0.8046
17.7300,-1.0612
17.7400,-0.8779
17.7500,-0.8721
17.7600,-0.7675
17.7700,-1.0166
17.7800,-0.8547
17.7900,-0.7294
17.8000,-0.6898
17.8100,-1.0355
17.8200,-0.7906
17.8300,-0.8075
17.8400,-0.7475
17.8500,-0.7219
17.8600,-0.8476
17.8700,-0.7031
17.8800,-0.7682
17.8900,-1.0084
17.9000,-0.6455
17.9100,-0.9641
17.9200,-0.8303
17.9300,-0.6363
17.9400,-0.7373
17.9500,-0.9043
17.9600,-0.7900
17.9700,-0.8219
17.9800,-0.7815
17.9900,-0.7994
18.0000,-0.9354
18.0100,-0.6633
18.0200,-0.8861
18.0300,-0.8858
18.0400,-0.6986
18.0500,-0.7558
18.0600,-0.8910
18.0700,-0.5710
18.0800,-0.7546
18.0900,-0.6668
18.1000,-0.5819
18.1100,-0.8163
18.1200,-0.4958
18.1300,-0.7988
18.1400,-0.5602
18.1500,-0.7044
18.1600,-0.5051
18.1700,-0.6813
18.1800,-0.6166
18.1900,-0.4876
18.2000,-0.4781
18.2100,-0.6757
18.2200,-0.7732
18.2300,-0.5920
18.2400,-0.4191
18.2500,-0.6669
18.2600,-0.4890
18.2700,-0.6460
18.2800,-0.7223
18.2900,-0.4805
18.3000,-0.3385
18.3100,-0.5739
18.3200,-0.5481
18.3300,-0.3215
18.3400,-0.5086
18.3500,-0.2875
18.3600,-0.3678
18.3700,-0.4503
18.3800,-0.2802
18.3900,-0.4687
18.4000,-0.4364
18.4100,-0.3482
18.4200,-0.2783
18.4300,-0.3381
18.4400,-0.5452
18.4500,-0.2608
18.4600,-0.3892
18.4700,-0.1943
18.4800,-0.4427
18.4900,-0.2375
18.5000,-0.1538
18.5100,-0.4652
18.5200,-0.3260
18.5300,-0.2326
18.5400,-0.4181
18.5500,-0.0967
18.5600,-0.1111
18.5700,-0.4709
18.5800,-0.3371
18.5900,-0.0939
18.6000,-0.3399
18.6100,-0.1395
18.6200,-0.3037
18.6300,-0.3292
18.6400,-0.0375
18.6500,-0.3170
18.6600,-0.2639
18.6700,-0.2234
18.6800,-0.0443
18.6900,0.0032
18.7000,-0.1510
18.7100,0.0473
18.7200,-0.2324
18.7300,-0.1123
18.7400,-0.1735
18.7500,-0.2332
18.7600,-0.1562
18.7700,-0.2102
18.7800,-0.2177
18.7900,-0.0987
18.8000,0.0853
18.8100,-0.1560
18.8200,-0.0885
18.8300,-0.1684
18.8400,0.1838
18.8500,0.1996
18.8600,0.1514
18.8700,0.1333
18.8800,0.1890
18.8900,0.1043
18.9000,0.1582
18.9100,0.2148
18.9200,0.0220
18.9300,0.0919
18.9400,0.0102
18.9500,0.1621
18.9600,0.0062
18.9700,-0.0056
18.9800,0.0941
18.9900,0.0214
19.0000,0.2295
19.0100,0.1547
19.0200,0.3671
19.0300,0.3035
19.0400,0.2664
19.0500,0.1138
19.0600,0.2466
19.0700,0.2659
19.0800,0.0728
19.0900,0.0588
19.1000,0.2749
19.1100,0.2047
19.1200,0.1776
19.1300,0.1076
19.1400,0.1838
19.1500,0.3390
19.1600,0.1941
19.1700,0.3475
19.1800,0.3713
19.1900,0.4114
19.2000,0.4920
19.2100,0.3909
19.2200,0.3686
19.2300,0.3909
19.2400,0.3987
19.2500,0.5780
19.2600,0.5363
19.2700,0.3532
19.2800,0.3870
19.2900,0.6019
19.3000,0.2971
19.3100,0.2584
19.3200,0.3100
19.3300,0.3927
19.3400,0.4341
19.3500,0.6572
19.3600,0.4767
19.3700,0.4196
19.3800,0.4313
19.3900,0.5794
19.4000,0.6544
19.4100,0.5708
19.4200,0.6235
19.4300,0.4559
19.4400,0.5027
19.4500,0.3958
19.4600,0.6699
19.4700,0.4666
19.4800,0.6229
19.4900,0.6686
19.5000,0.7848
19.5100,0.7012
19.5200,0.7945
19.5300,0.5146
19.5400,0.6976
19.5500,0.7446
19.5600,0.7023
19.5700,0.5703
19.5800,0.4976
19.5900,0.7888
19.6000,0.8817
19.6100,0.6055
19.6200,0.5068
19.6300,0.8006
19.6400,0.6188
19.6500,0.9028
19.6600,0.8466
19.6700,0.8087
19.6800,0.9332
19.6900,0.6862
19.7000,0.5706
19.7100,0.8253
19.7200,0.6997
19.7300,0.9586
19.7400,0.7833
19.7500,0.6380
19.7600,0.6867
19.7700,0.8883
19.7800,0.7881
19.7900,0.6714
19.8000,0.6252
19.8100,1.0086
19.8200,0.9267
19.8300,0.7450
19.8400,0.9659
19.8500,0.8573
19.8600,0.7900
19.8700,1.0211
19.8800,0.7076
19.8900,0.8245
19.9000,0.7822
19.9100,0.8784
19.9200,0.6810
19.9300,0.8549
19.9400,1.0402
19.9500,1.0060
19.9600,0.7924
19.9700,0.7749
19.9800,0.9946
19.9900,0.7657
20.0000,0.7891
20.0100,0.9968
20.0200,1.0487
20.0300,1.0150
20.0400,0.7555
20.0500,1.1175
20.0600,1.1358
20.0700,0.8372
20.0800,1.0320
20.0900,0.9587
20.1000,0.9802
20.1100,0.9755
20.1200,0.7894
20.1300,0.7705
20.1400,0.8441
20.1500,0.9044
20.1600,0.8580
20.1700,0.9222
20.1800,0.8455
20.1900,0.9938
20.2000,1.1046
20.2100,1.1700
20.2200,1.1327
20.2300,0.8426
20.2400,1.1764
20.2500,0.8671
20.2600,1.1199
20.2700,0.9599
20.2800,1.0327
20.2900,0.8793
20.3000,0.9048
20.3100,1.1728
20.3200,0.9666
20.3300,0.8728
20.3400,1.0235
20.3500,0.9195
20.3600,1.0363
20.3700,1.0221
20.3800,0.9326
20.3900,0.9098
20.4000,0.8524
20.4100,1.0594
20.4200,1.0637
20.4300,1.1847
20.4400,0.8411
20.4500,1.1202
20.4600,1.1683
20.4700,1.1535
20.4800,1.1041
20.4900,0.9044
20.5000,1.0895
20.5100,0.8150
20.5200,1.0584
20.5300,1.0332
20.5400,0.8467
20.5500,0.9466
20.5600,1.0459
20.5700,0.9223
20.5800,1.0479
20.5900,0.8931
20.6000,0.9645
20.6100,0.9314
20.6200,1.0258
20.6300,1.0313
20.6400,1.1524
20.6500,0.9247
20.6600,1.0484
20.6700,1.1550
20.6800,1.1286
20.6900,0.8388
20.7000,0.8020
20.7100,1.0987
20.7200,0.8576
20.7300,0.9140
20.7400,0.7553
20.7500,1.1396
20.7600,1.1070
20.7700,0.8286
20.7800,1.0716
20.7900,1.0412
20.8000,0.8523
20.8100,1.0902
20.8200,0.9745
20.8300,1.0220
20.8400,1.0176
20.8500,0.9027
20.8600,0.7503
20.8700,0.9883
20.8800,0.9407
20.8900,1.0340
20.9000,1.0404
20.9100,1.0127
20.9200,0.9789
20.9300,1.0601
20.9400,0.9453
20.9500,0.9161
20.9600,0.6887
20.9700,0.8753
20.9800,0.9870
20.9900,0.6673
21.0000,0.9168
21.0100,0.7768
21.0200,0.7278
21.0300,0.7461
21.0400,0.9467
21.0500,0.9881
21.0600,0.8458
21.0700,0.7945
21.0800,0.9473
21.0900,0.8005
21.1000,0.6019
21.1100,0.7241
21.1200,0.8962
21.1300,0.6996
21.1400,0.8521
21.1500,0.8422
21.1600,0.9106
21.1700,0.8161
21.1800,0.8544
21.1900,0.8825
21.2000,0.8198
21.2100,0.5153
21.2200,0.8813
21.2300,0.7256
21.2400,0.5622
21.2500,0.5631
21.2600,0.6893
21.2700,0.4710
21.2800,0.8328
21.2900,0.7324
21.3000,0.6512
21.3100,0.4801
21.3200,0.7075
21.3300,0.5335
21.3400,0.5772
21.3500,0.7600
21.3600,0.7197
21.3700,0.4800
21.3800,0.7049
21.3900,0.7286
21.4000,0.4078
21.4100,0.4579
21.4200,0.4097
21.4300,0.7098
21.4400,0.5477
21.4500,0.4118
21.4600,0.6996
21.4700,0.5859
21.4800,0.3007
21.4900,0.4517
21.5000,0.3719
21.5100,0.2926
21.5200,0.5360
21.5300,0.3809
21.5400,0.3089
21.5500,0.5083
21.5600,0.6034
21.5700,0.3032
21.5800,0.4019
21.5900,0.3264
21.6000,0.2525
21.6100,0.5145
21.6200,0.2847
21.6300,0.4482
21.6400,0.3062
21.6500,0.3488
21.6600,0.2410
21.6700,0.1918
21.6800,0.4095
21.6900,0.1760
21.7000,0.2577
21.7100,0.2655
21.7200,0.2558
21.7300,0.1307
21.7400,0.4176
21.7500,0.1368
21.7600,0.0823
21.7700,0.1270
21.7800,0.0417
21.7900,0.1550
21.8000,0.2907
21.8100,0.3428
21.8200,0.2198
21.8300,0.2939
21.8400,0.1888
21.8500,0.0126
21.8600,0.2791
21.8700,0.1845
21.8800,-0.0263
21.8900,0.0875
21.9000,0.1141
21.9100,0.1678
21.9200,0.2182
21.9300,-0.1135
21.9400,0.1280
21.9500,0.2118
21.9600,0.1301
21.9700,-0.0291
21.9800,-0.0726
21.9900,-0.1967
22.0000,-0.1322
22.0100,-0.0303
22.0200,-0.1797
22.0300,-0.1920
22.0400,0.0516
22.0500,0.0989
22.0600,-0.2364
22.0700,0.0383
22.0800,-0.2693
22.0900,0.0294
22.1000,-0.2753
22.1100,-0.2882
22.1200,-0.1795
22.1300,-0.0852
22.1400,0.0467
22.1500,-0.2020
22.1600,-0.2023
22.1700,-0.2920
22.1800,-0.0211
22.1900,-0.0587
22.2000,-0.0770
22.2100,-0.3899
22.2200,-0.1625
22.2300,-0.3060
22.2400,-0.0811
22.2500,-0.3100
22.2600,-0.2916
22.2700,-0.1948
22.2800,-0.0890
22.2900,-0.2107
22.3000,-0.3432
22.3100,-0.2095
22.3200,-0.1619
22.3300,-0.3785
22.3400,-0.2541
22.3500,-0.2626
22.3600,-0.3189
22.3700,-0.3390
22.3800,-0.3060
22.3900,-0.2298
22.4000,-0.4322
22.4100,-0.5878
22.4200,-0.5811
22.4300,-0.4988
22.4400,-0.5549
22.4500,-0.6011
22.4600,-0.2931
22.4700,-0.4117
22.4800,-0.4908
22.4900,-0.3120
22.5000,-0.6374
22.5100,-0.3380
22.5200,-0.6731
22.5300,-0.6338
22.5400,-0.4355
22.5500,-0.7234
22.5600,-0.5123
22.5700,-0.4328
22.5800,-0.4843
22.5900,-0.4385
22.6000,-0.5318
22.6100,-0.4206
22.6200,-0.7654
22.6300,-0.4618
22.6400,-0.7718
22.6500,-0.5899
22.6600,-0.7834
22.6700,-0.7044
22.6800,-0.5899
22.6900,-0.8139
22.7000,-0.6865
22.7100,-0.7370
22.7200,-0.8605
22.7300,-0.5427
22.7400,-0.6845
22.7500,-0.7844
22.7600,-0.5123
22.7700,-0.7420
22.7800,-0.7564
22.7900,-0.7696
22.8000,-0.6826
22.8100,-0.5912
22.8200,-0.7666
22.8300,-0.6431
22.8400,-0.5892
22.8500,-0.6043
22.8600,-0.8526
22.8700,-0.7817
22.8800,-0.9273
22.8900,-0.6467
22.9000,-0.6036
22.9100,-0.6544
22.9200,-0.9521
22.9300,-0.8327
22.9400,-0.9300
22.9500,-0.6560
22.9600,-0.6958
22.9700,-1.0045
22.9800,-0.8434
22.9900,-0.9965
23.0000,-0.9365
23.0100,-0.7005
23.0200,-0.7178
23.0300,-0.9647
23.0400,-0.7587
23.0500,-0.7283
23.0600,-0.9791
23.0700,-0.7796
23.0800,-0.8599
23.0900,-0.7901
23.1000,-1.0868
23.1100,-0.9215
23.1200,-0.8321
23.1300,-0.7278
23.1400,-0.9260
23.1500,-0.9633
23.1600,-0.8490
23.1700,-0.8264
23.1800,-1.0754
23.1900,-0.9998
23.2000,-0.9643
23.2100,-0.9095
23.2200,-1.1251
23.2300,-1.0300
23.2400,-0.9664
23.2500,-0.8472
23.2600,-0.7560
23.2700,-1.1384
23.2800,-0.8065
23.2900,-1.0570
23.3000,-0.8666
23.3100,-1.0167
23.3200,-0.8262
23.3300,-0.7877
23.3400,-0.8669
23.3500,-0.8132
23.3600,-0.9576
23.3700,-1.1389
23.3800,-0.8235
23.3900,-1.1280
23.4000,-1.1083
23.4100,-0.9009
23.4200,-0.9299
23.4300,-1.0903
23.4400,-1.0641
23.4500,-1.0239
23.4600,-0.8789
23.4700,-1.1493
23.4800,-1.1949
23.4900,-0.8904
23.5000,-0.9454
23.5100,-1.0787
23.5200,-1.0969
23.5300,-0.8640
23.5400,-0.8340
23.5500,-0.8759
23.5600,-0.9992
23.5700,-1.0439
23.5800,-1.0789
23.5900,-0.9540
23.6000,-0.8979
23.6100,-1.0622
23.6200,-0.9687
23.6300,-1.0563
23.6400,-1.1343
23.6500,-0.8541
23.6600,-0.8430
23.6700,-1.1513
23.6800,-0.9157
23.6900,-0.8592
23.7000,-0.8348
23.7100,-0.9678
23.7200,-1.1382
23.7300,-1.0340
23.7400,-0.9182
23.7500,-0.7948
23.7600,-1.0396
23.7700,-1.1682
23.7800,-1.0377
23.7900,-0.8081
23.8000,-0.8118
23.8100,-1.0434
23.8200,-0.8622
23.8300,-0.8069
23.8400,-1.0040
23.8500,-0.7614
23.8600,-0.8531
23.8700,-0.9552
23.8800,-0.8208
23.8900,-0.8780
23.9000,-1.0601
23.9100,-0.9116
23.9200,-1.0392
23.9300,-1.0364
23.9400,-1.1171
23.9500,-0.7687
23.9600,-0.8431
23.9700,-1.0649
23.9800,-1.0933
23.9900,-1.0107
24.0000,-0.8404
24.0100,-0.7867
24.0200,-0.7507
24.0300,-1.0832
24.0400,-0.7523
24.0500,-1.0351
24.0600,-0.8086
24.0700,-0.7187
24.0800,-0.9200
24.0900,-0.9460
24.1000,-0.9646
24.1100,-0.7260
24.1200,-0.9179
24.1300,-0.9665
24.1400,-0.8037
24.1500,-0.9405
24.1600,-1.0217
24.1700,-0.9839
24.1800,-0.7677
24.1900,-0.8485
24.2000,-0.7842
24.2100,-0.7699
24.2200,-0.9823
24.2300,-0.8626
24.2400,-0.8498
24.2500,-0.7689
24.2600,-0.7786
24.2700,-0.7500
24.2800,-0.6281
24.2900,-0.8186
24.3000,-0.8893
24.3100,-0.7130
24.3200,-0.6836
24.3300,-0.8500
24.3400,-0.7904
24.3500,-0.5461
24.3600,-0.8858
24.3700,-0.7007
24.3800,-0.6584
24.3900,-0.5421
24.4000,-0.7565
24.4100,-0.7473
24.4200,-0.6977
24.4300,-0.7893
24.4400,-0.4945
24.4500,-0.7470
24.4600,-0.7476
24.4700,-0.4841
24.4800,-0.6799
24.4900,-0.6637
24.5000,-0.6688
24.5100,-0.6313
24.5200,-0.5676
24.5300,-0.4475
24.5400,-0.6224
24.5500,-0.4945
24.5600,-0.5951
24.5700,-0.6099
24.5800,-0.4872
24.5900,-0.5805
24.6000,-0.6368
24.6100,-0.6856
24.6200,-0.6117
24.6300,-0.6156
24.6400,-0.3250
24.6500,-0.3612
24.6600,-0.6382
24.6700,-0.3652
24.6800,-0.4310
24.6900,-0.5721
24.7000,-0.2917
24.7100,-0.3208
24.7200,-0.3691
24.7300,-0.5167
24.7400,-0.5656
24.7500,-0.3179
24.7600,-0.3362
24.7700,-0.3586
24.7800,-0.2032
24.7900,-0.2089
24.8000,-0.2835
24.8100,-0.4300
24.8200,-0.3849
24.8300,-0.4110
24.8400,-0.1457
24.8500,-0.1510
24.8600,-0.4253
24.8700,-0.3621
24.8800,-0.1153
24.8900,-0.2633
24.9000,-0.0602
24.9100,-0.0853
24.9200,-0.2087
24.9300,-0.2404
24.9400,-0.0151
24.9500,-0.0101
24.9600,-0.2886
24.9700,-0.1636
24.9800,-0.1921
24.9900,-0.0660
25.0000,-0.0358
25.0100,-0.1139
25.0200,-0.1905
25.0300,-0.1919
25.0400,-0.0678
25.0500,-0.2047
25.0600,-0.1769
25.0700,0.1322
25.0800,-0.0583
25.0900,0.0683
25.1000,-0.1829
25.1100,0.1479
25.1200,0.0131
25.1300,-0.1575
25.1400,0.0876
25.1500,-0.0660
25.1600,-0.1492
25.1700,-0.0973
25.1800,0.1664
25.1900,-0.0188
25.2000,-0.0113
25.2100,-0.0568
25.2200,0.2598
25.2300,-0.0754
25.2400,0.2306
25.2500,-0.0327
25.2600,0.2299
25.2700,0.1327
25.2800,0.2649
25.2900,0.0251
25.3000,0.2760
25.3100,0.2834
25.3200,0.2898
25.3300,0.3835
25.3400,0.2483
25.3500,0.3157
25.3600,0.1801
25.3700,0.0610
25.3800,0.2466
25.3900,0.4476
25.4000,0.3836
25.4100,0.3124
25.4200,0.2249
25.4300,0.1816
25.4400,0.3731
25.4500,0.1562
25.4600,0.3950
25.4700,0.2816
25.4800,0.5246
25.4900,0.3335
25.5000,0.2140
25.5100,0.4079
25.5200,0.4381
25.5300,0.3819
25.5400,0.5766
25.5500,0.5071
25.5600,0.2530
25.5700,0.6228
25.5800,0.3108
25.5900,0.5002
25.6000,0.5358
25.6100,0.4698
25.6200,0.3386
25.6300,0.5458
25.6400,0.5751
25.6500,0.3703
25.6600,0.6874
25.6700,0.5899
25.6800,0.5193
25.6900,0.5128
25.7000,0.4179
25.7100,0.6593
25.7200,0.5138
25.7300,0.7298
25.7400,0.5268
25.7500,0.6545
25.7600,0.6064
25.7700,0.5269
25.7800,0.6729
25.7900,0.5441
25.8000,0.5422
25.8100,0.5804
25.8200,0.4792
25.8300,0.5480
25.8400,0.8191
25.8500,0.5735
25.8600,0.7905
25.8700,0.5134
25.8800,0.7846
25.8900,0.8381
25.9000,0.8927
25.9100,0.6168
25.9200,0.8483
25.9300,0.8654
25.9400,0.5338
25.9500,0.7823
25.9600,0.6695
25.9700,0.7175
25.9800,0.8297
25.9900,0.9084
26.0000,0.6886
26.0100,0.7517
26.0200,0.5997
26.0300,0.6343
26.0400,0.9434
26.0500,0.9110
26.0600,0.6886
26.0700,0.7562
26.0800,0.8235
26.0900,0.7107
26.1000,0.6792
26.1100,0.7366
26.1200,0.8487
26.1300,0.6568
26.1400,0.7037
26.1500,0.7951
26.1600,0.8977
26.1700,0.9774
26.1800,0.7765
26.1900,1.0258
26.2000,0.8577
26.2100,0.9495
26.2200,0.9647
26.2300,0.8946
26.2400,0.9862
26.2500,0.9717
26.2600,0.9273
26.2700,0.7405
26.2800,1.0661
26.2900,0.9632
26.3000,1.0603
26.3100,0.9894
26.3200,0.9616
26.3300,0.7841
26.3400,0.8324
26.3500,0.9524
26.3600,1.0077
26.3700,1.1300
26.3800,1.1420
26.3900,0.7878
26.4000,0.7792
26.4100,0.8969
26.4200,0.8851
26.4300,1.0639
26.4400,0.8066
26.4500,0.9699
26.4600,0.9457
26.4700,0.9269
26.4800,0.9878
26.4900,1.1390
26.5000,0.9096
26.5100,1.0974
26.5200,0.8301
26.5300,1.0776
26.5400,1.1330
26.5500,0.9119
26.5600,0.8749
26.5700,0.8804
26.5800,1.1662
26.5900,0.8478
26.6000,1.1289
26.6100,1.0972
26.6200,0.9966
26.6300,0.8148
26.6400,0.9439
26.6500,1.0960
26.6600,1.0416
26.6700,1.1385
26.6800,1.0624
26.6900,1.1971
26.7000,0.8238
26.7100,0.9274
26.7200,0.9405
26.7300,1.1759
26.7400,1.0261
26.7500,0.9148
26.7600,0.9266
26.7700,1.0490
26.7800,0.8346
26.7900,0.9510
26.8000,1.0782
26.8100,1.0971
26.8200,0.8209
26.8300,0.9166
26.8400,1.0925
26.8500,0.9461
26.8600,0.7885
26.8700,1.1706
26.8800,1.0686
26.8900,1.1406
26.9000,0.8567
26.9100,0.8838
26.9200,0.9664
26.9300,0.8801
26.9400,0.8753
26.9500,0.9696
26.9600,1.1231
26.9700,0.8073
26.9800,1.1374
26.9900,0.8703
27.0000,1.0708
27.0100,1.0919
27.0200,0.8276
27.0300,1.1355
27.0400,0.9779
27.0500,1.0372
27.0600,0.8676
27.0700,1.0393
27.0800,0.9500
27.0900,0.8254
27.1000,1.0077
27.1100,1.0397
27.1200,1.0249
27.1300,0.7221
27.1400,0.8519
27.1500,0.9629
27.1600,0.8349
27.1700,0.9940
27.1800,0.9212
27.1900,0.9670
27.2000,0.7891
27.2100,0.7515
27.2200,0.9009
27.2300,0.6984
27.2400,0.9576
27.2500,0.8210
27.2600,0.9607
27.2700,0.6445
27.2800,0.9217
27.2900,0.7278
27.3000,0.7526
27.3100,0.7282
27.3200,0.9832
27.3300,0.9830
27.3400,0.8577
27.3500,0.8984
27.3600,0.9253
27.3700,0.6075
27.3800,0.7519
27.3900,0.6797
27.4000,0.6922
27.4100,0.6402
27.4200,0.9019
27.4300,0.9305
27.4400,0.6927
27.4500,0.8978
27.4600,0.7243
27.4700,0.8458
27.4800,0.7347
27.4900,0.8203
27.5000,0.6731
27.5100,0.6122
27.5200,0.5186
27.5300,0.6018
27.5400,0.6578
27.5500,0.6924
27.5600,0.7229
27.5700,0.6117
27.5800,0.4553
27.5900,0.7928
27.6000,0.7378
27.6100,0.4218
27.6200,0.7555
27.6300,0.5115
27.6400,0.3932
27.6500,0.4083
27.6600,0.7303
27.6700,0.5334
27.6800,0.6419
27.6900,0.6614
27.7000,0.3802
27.7100,0.6596
27.7200,0.6292
27.7300,0.6534
27.7400,0.4722
27.7500,0.3462
27.7600,0.6291
27.7700,0.3793
27.7800,0.4325
27.7900,0.5374
27.8000,0.2885
27.8100,0.6342
27.8200,0.5171
27.8300,0.6022
27.8400,0.3964
27.8500,0.3145
27.8600,0.3844
27.8700,0.4013
27.8800,0.5174
27.8900,0.4504
27.9000,0.5484
27.9100,0.4845
27.9200,0.2958
27.9300,0.3943
27.9400,0.3291
27.9500,0.1309
27.9600,0.3920
27.9700,0.3071
27.9800,0.3797
27.9900,0.4219
28.0000,0.3814
28.0100,0.0870
28.0200,0.2009
28.0300,0.3122
28.0400,0.1608
28.0500,0.3013
28.0600,0.1636
28.0700,0.3900
28.0800,0.2971
28.0900,0.1494
28.1000,0.1971
28.1100,0.2245
28.1200,0.2807
28.1300,0.0663
28.1400,0.3221
28.1500,-0.0085
28.1600,0.1534
28.1700,-0.0431
28.1800,-0.0123
28.1900,0.0634
28.2000,0.2298
28.2100,0.0101
28.2200,0.2476
28.2300,0.1578
28.2400,0.0303
28.2500,0.1616
28.2600,-0.0435
28.2700,-0.1786
28.2800,0.0435
28.2900,-0.2058
28.3000,0.0262
28.3100,-0.0461
28.3200,0.1215
28.3300,-0.2528
28.3400,-0.1697
28.3500,-0.1474
28.3600,-0.1918
28.3700,-0.0733
28.3800,-0.2088
28.3900,-0.1749
28.4000,-0.1506
28.4100,-0.2913
28.4200,-0.1756
28.4300,-0.3152
28.4400,-0.3058
28.4500,-0.1657
28.4600,-0.0410
28.4700,-0.2288
28.4800,-0.2467
28.4900,-0.1901
28.5000,-0.2735
28.5100,-0.2206
28.5200,-0.4018
28.5300,-0.0849
28.5400,-0.1676
28.5500,-0.2493
28.5600,-0.3304
28.5700,-0.4851
28.5800,-0.4728
28.5900,-0.4861
28.6000,-0.2056
28.6100,-0.2616
28.6200,-0.2303
28.6300,-0.4162
28.6400,-0.2413
28.6500,-0.4389
28.6600,-0.4482
28.6700,-0.2996
28.6800,-0.5522
28.6900,-0.2059
28.7000,-0.2839
28.7100,-0.4808
28.7200,-0.4359
28.7300,-0.6271
28.7400,-0.3228
28.7500,-0.5076
28.7600,-0.5758
28.7700,-0.4323
28.7800,-0.4847
28.7900,-0.5968
28.8000,-0.3247
28.8100,-0.5155
28.8200,-0.5052
28.8300,-0.6460
28.8400,-0.3958
28.8500,-0.3669
28.8600,-0.4367
28.8700,-0.5333
28.8800,-0.4627
28.8900,-0.6552
28.9000,-0.6352
28.9100,-0.7540
28.9200,-0.5599
28.9300,-0.5573
28.9400,-0.5631
28.9500,-0.5701
28.9600,-0.6724
28.9700,-0.5061
28.9800,-0.4732
28.9900,-0.7047
29.0000,-0.5557
29.0100,-0.6849
29.0200,-0.7619
29.0300,-0.7096
29.0400,-0.7864
29.0500,-0.6086
29.0600,-0.7646
29.0700,-0.6255
29.0800,-0.6351
29.0900,-0.6877
29.1000,-0.5706
29.1100,-0.5996
29.1200,-0.5492
29.1300,-0.6266
29.1400,-0.9269
29.1500,-0.7492
29.1600,-0.9100
29.1700,-0.7844
29.1800,-0.8707
29.1900,-0.9740
29.2000,-0.7988
29.2100,-0.9474
29.2200,-0.7662
29.2300,-0.6796
29.2400,-0.9378
29.2500,-0.8380
29.2600,-1.0258
29.2700,-0.8904
29.2800,-0.6983
29.2900,-0.8805
29.3000,-0.9038
29.3100,-0.7121
29.3200,-0.9560
29.3300,-0.7861
29.3400,-0.7266
29.3500,-0.7941
29.3600,-0.9444
29.3700,-0.8475
29.3800,-0.9921
29.3900,-0.8443
29.4000,-0.7553
29.4100,-1.0398
29.4200,-0.8247
29.4300,-0.7710
29.4400,-0.8858
29.4500,-0.8297
29.4600,-0.7977
29.4700,-1.0847
29.4800,-0.7766
29.4900,-0.9639
29.5000,-0.8580
29.5100,-1.1359
29.5200,-1.0817
29.5300,-0.9412
29.5400,-0.9124
29.5500,-0.8495
29.5600,-1.0825
29.5700,-1.0364
29.5800,-0.8029
29.5900,-1.1448
29.6000,-1.0048
29.6100,-1.0146
29.6200,-0.8884
29.6300,-0.7877
29.6400,-1.1545
29.6500,-0.8478
29.6600,-0.9239
29.6700,-1.0370
29.6800,-0.8471
29.6900,-1.1877
29.7000,-0.8173
29.7100,-1.1872
29.7200,-0.8326
29.7300,-0.8959
29.7400,-1.1094
29.7500,-1.1021
29.7600,-0.9726
29.7700,-1.0260
29.7800,-1.1407
29.7900,-0.8540
29.8000,-1.0604
29.8100,-1.1509
29.8200,-1.0460
29.8300,-1.1132
29.8400,-1.1320
29.8500,-1.1555
29.8600,-1.0269
29.8700,-0.8718
29.8800,-0.8636
29.8900,-1.0668
29.9000,-1.1939
29.9100,-1.0786
29.9200,-0.9370
29.9300,-1.1491
29.9400,-0.8950
29.9500,-1.1367
29.9600,-1.0062
29.9700,-1.1534
29.9800,-0.9144
29.9900,-0.9179
